"WordPress ID","File URL","Parent WordPress ID","Referenced content","Asset status","Verification status"
"5","/wp-content/uploads/2015/05/8503163876_1e656f910d_k.jpg","0","unassigned","excluded","metadata-reviewed"
"9","/wp-content/uploads/2015/05/rss.png","0","unassigned","excluded","metadata-reviewed"
"10","/wp-content/uploads/2015/05/twitter.png","0","unassigned","excluded","metadata-reviewed"
"33","/wp-content/uploads/2015/07/BirthdayCalendarOption.png","30","pending-review","included","metadata-reviewed"
"34","/wp-content/uploads/2015/07/BirthdayCalendar.png","30","pending-review","included","metadata-reviewed"
"61","/wp-content/uploads/2015/12/rss.png","0","unassigned","excluded","metadata-reviewed"
"81","/wp-content/uploads/2015/05/facebook.png","0","unassigned","excluded","metadata-reviewed"
"91","/wp-content/uploads/2015/06/2015060201.png","20","pending-review","included","metadata-reviewed"
"101","/wp-content/uploads/2015/07/Exchange2016BuildNumber.png","30","pending-review","included","metadata-reviewed"
"351","/wp-content/uploads/2016/02/image0227.png","331","pending-review","included","metadata-reviewed"
"391","/wp-content/uploads/2016/04/20160403-1.png","591","pending-review","included","metadata-reviewed"
"401","/wp-content/uploads/2016/04/20160403-2.png","591","pending-review","included","metadata-reviewed"
"411","/wp-content/uploads/2016/04/20160403-3.png","591","pending-review","included","metadata-reviewed"
"421","/wp-content/uploads/2016/04/20160403-4.png","591","pending-review","included","metadata-reviewed"
"431","/wp-content/uploads/2016/04/20160403-5.png","591","pending-review","included","metadata-reviewed"
"441","/wp-content/uploads/2016/04/20160403-6.png","591","pending-review","included","metadata-reviewed"
"451","/wp-content/uploads/2016/04/20160403-7.png","591","pending-review","included","metadata-reviewed"
"461","/wp-content/uploads/2016/04/20160403-8.png","591","pending-review","included","metadata-reviewed"
"471","/wp-content/uploads/2016/04/20160403-9.png","591","pending-review","included","metadata-reviewed"
"481","/wp-content/uploads/2016/04/20160403-10.png","591","pending-review","included","metadata-reviewed"
"491","/wp-content/uploads/2016/04/20160403-11.png","591","pending-review","included","metadata-reviewed"
"501","/wp-content/uploads/2016/04/20160403-12.png","591","pending-review","included","metadata-reviewed"
"511","/wp-content/uploads/2016/04/20160403-13.png","591","pending-review","included","metadata-reviewed"
"521","/wp-content/uploads/2016/04/20160403-14.png","591","pending-review","included","metadata-reviewed"
"531","/wp-content/uploads/2016/04/20160403-15.png","591","pending-review","included","metadata-reviewed"
"541","/wp-content/uploads/2016/04/20160403-16.png","591","pending-review","included","metadata-reviewed"
"551","/wp-content/uploads/2016/04/20160403-17.png","591","pending-review","included","metadata-reviewed"
"561","/wp-content/uploads/2016/04/20160403-18.png","591","pending-review","included","metadata-reviewed"
"571","/wp-content/uploads/2016/04/20160403-19.png","591","pending-review","included","metadata-reviewed"
"581","/wp-content/uploads/2016/04/20160403-20.png","591","pending-review","included","metadata-reviewed"
"781","/wp-content/uploads/2016/07/2016071601.png","771","pending-review","included","metadata-reviewed"
"831","/wp-content/uploads/2016/08/2016080502.png","0","unassigned","included","metadata-reviewed"
"841","/wp-content/uploads/2016/08/2016080501.png","0","unassigned","included","metadata-reviewed"
"951","/wp-content/uploads/2016/11/2016112701.png","0","unassigned","included","metadata-reviewed"
"971","/wp-content/uploads/2016/11/2016112702.png","961","pending-review","included","metadata-reviewed"
"981","/wp-content/uploads/2016/11/2016112703.png","961","pending-review","included","metadata-reviewed"
"1021","/wp-content/uploads/2017/01/2017012001.png","0","unassigned","included","metadata-reviewed"
"1031","/wp-content/uploads/2017/01/2017012002.png","0","unassigned","included","metadata-reviewed"
"1101","/wp-content/uploads/2017/04/2017040101.png","1091","pending-review","included","metadata-reviewed"
"1111","/wp-content/uploads/2017/04/2017040102.png","1091","pending-review","included","metadata-reviewed"
"1121","/wp-content/uploads/2017/04/2017040103.png","1091","pending-review","included","metadata-reviewed"
"1151","/wp-content/uploads/2017/04/2017040104.jpg","1091","pending-review","included","metadata-reviewed"
"1191","/wp-content/uploads/2017/06/20170615-1.png","1181","pending-review","included","metadata-reviewed"
"1201","/wp-content/uploads/2017/06/20170615-2.png","1181","pending-review","included","metadata-reviewed"
"1211","/wp-content/uploads/2017/06/20170615-3.png","1181","pending-review","included","metadata-reviewed"
"1221","/wp-content/uploads/2017/06/20170615-4.png","1181","pending-review","included","metadata-reviewed"
"1231","/wp-content/uploads/2017/06/20170615-5.png","1181","pending-review","included","metadata-reviewed"
"1241","/wp-content/uploads/2017/06/20170615-6.png","1181","pending-review","included","metadata-reviewed"
"1251","/wp-content/uploads/2017/06/20170615-7.png","1181","pending-review","included","metadata-reviewed"
"1261","/wp-content/uploads/2017/06/20170615-8.png","1181","pending-review","included","metadata-reviewed"
"1271","/wp-content/uploads/2017/06/20170615-9.png","1181","pending-review","included","metadata-reviewed"
"1283","/wp-content/uploads/2018/04/capture20180430022512525.png","1282","pending-review","included","metadata-reviewed"
"1284","/wp-content/uploads/2018/04/capture20180430022709233.png","1282","pending-review","included","metadata-reviewed"
"1285","/wp-content/uploads/2018/04/capture20180430022807315.png","1282","pending-review","included","metadata-reviewed"
"1301","/wp-content/uploads/2018/05/capture20180505154501718.png","1296","pending-review","included","metadata-reviewed"
"1303","/wp-content/uploads/2018/05/capture20180505154145074.png","1296","pending-review","included","metadata-reviewed"
"1310","/wp-content/uploads/2018/05/capture20180514214304868.png","1309","pending-review","included","metadata-reviewed"
"1329","/wp-content/uploads/2016/02/2018062401.png","331","pending-review","included","metadata-reviewed"
"1331","/wp-content/uploads/2016/02/2018062402.png","331","pending-review","included","metadata-reviewed"
"1332","/wp-content/uploads/2016/02/2018062403.png","331","pending-review","included","metadata-reviewed"
"1333","/wp-content/uploads/2016/02/2018062404.png","331","pending-review","included","metadata-reviewed"
"1334","/wp-content/uploads/2016/02/2018062405.png","331","pending-review","included","metadata-reviewed"
"1335","/wp-content/uploads/2016/02/2018062406.png","331","pending-review","included","metadata-reviewed"
"1336","/wp-content/uploads/2016/02/2018062407.png","331","pending-review","included","metadata-reviewed"
"1337","/wp-content/uploads/2016/02/2018062408.png","331","pending-review","included","metadata-reviewed"
"1338","/wp-content/uploads/2016/02/2018062409.png","331","pending-review","included","metadata-reviewed"
"1352","/wp-content/uploads/2018/12/2018122301.png","1350","pending-review","included","metadata-reviewed"
"1353","/wp-content/uploads/2018/12/2018122302.png","1350","pending-review","included","metadata-reviewed"
"1354","/wp-content/uploads/2018/12/2018122303.png","1350","pending-review","included","metadata-reviewed"
"1355","/wp-content/uploads/2018/12/2018122304.png","1350","pending-review","included","metadata-reviewed"
"1361","/wp-content/uploads/2019/03/20190322.png","1360","pending-review","included","metadata-reviewed"
"1424","/wp-content/uploads/2019/11/2019-11-13-213423.png","1423","pending-review","included","metadata-reviewed"
"1425","/wp-content/uploads/2019/11/2019-11-13-214233.png","1423","pending-review","included","metadata-reviewed"
"1449","/wp-content/uploads/2019/12/2019122101.png","1448","pending-review","included","metadata-reviewed"
"1452","/wp-content/uploads/2019/12/2019122102.png","1448","pending-review","included","metadata-reviewed"
"1454","/wp-content/uploads/2019/12/2019122103.png","1448","pending-review","included","metadata-reviewed"
"1456","/wp-content/uploads/2019/12/2019122104.png","1448","pending-review","included","metadata-reviewed"
"1457","/wp-content/uploads/2019/12/2019122105.png","1448","pending-review","included","metadata-reviewed"
"1491","/wp-content/uploads/2020/02/2020-02-03-201134.png","1490","pending-review","included","metadata-reviewed"
"1525","/wp-content/uploads/2020/07/2020072801.png","1524","pending-review","included","metadata-reviewed"
"1601","/wp-content/uploads/2020/11/2020112501.png","1600","pending-review","included","metadata-reviewed"
"1622","/wp-content/uploads/2021/01/2021011301.png","1619","pending-review","included","metadata-reviewed"
"1623","/wp-content/uploads/2021/01/2021011302.png","1619","pending-review","included","metadata-reviewed"
"1624","/wp-content/uploads/2021/01/2021011303.png","1619","pending-review","included","metadata-reviewed"
"1627","/wp-content/uploads/2021/01/2021011304.png","1619","pending-review","included","metadata-reviewed"
"1722","/wp-content/uploads/2022/02/image.png","1721","pending-review","included","metadata-reviewed"
"1723","/wp-content/uploads/2022/02/image-1.png","1721","pending-review","included","metadata-reviewed"
"1724","/wp-content/uploads/2022/02/image-2.png","1721","pending-review","included","metadata-reviewed"
"1725","/wp-content/uploads/2022/02/image-3.png","1721","pending-review","included","metadata-reviewed"
"1739","/wp-content/uploads/2022/05/2022050701.png","1738","pending-review","included","metadata-reviewed"
"1741","/wp-content/uploads/2022/05/2022050702-e1651850794728.png","1738","pending-review","included","metadata-reviewed"
"1848","/wp-content/uploads/2024/02/image.png","1350","pending-review","included","metadata-reviewed"
"1849","/wp-content/uploads/2024/02/image-1.png","1350","pending-review","included","metadata-reviewed"
"1855","/wp-content/uploads/2024/03/image.png","1854","pending-review","included","metadata-reviewed"
