"WordPress ID","Content type","Old URL","New URL","Language","Slug","Title","Published (JST)","Updated (JST)","Existing categories","Existing tags"
"18","page","/about/","/ja/about/","ja","about","About","2015-06-01 21:58:52","2020-10-21 11:54:29","",""
"6","post","/2015/05/30/6/","","unassigned","","EWS Java API を使ってみる","2015-05-30 13:49:46","2015-05-30 13:49:46","EWS","EWS | Exchange | Java"
"12","post","/2015/05/31/12/","","unassigned","","プログラムから Exchange サーバーのアドレス帳を参照するには","2015-05-31 20:50:22","2015-05-31 20:50:22","Exchange サーバー全般","EWS | Exchange | LDAP | PowerShell"
"20","post","/2015/06/02/20/","","unassigned","","Outlook REST API を基本認証で利用する","2015-06-02 22:33:52","2018-06-24 12:48:23","Exchange Online | Outlook REST API","Exchange Online | Outlook REST API"
"27","post","/2015/06/19/27/","","unassigned","","Outlook.com のカレンダーを Sunrise Calendar で表示する","2015-06-19 21:28:52","2015-06-19 21:28:52","Outlook.com","ActiveSync | Android | Outlook.com | Sunrise"
"30","post","/2015/07/25/30/","","unassigned","","Exchange Server 2016 Preview","2015-07-25 21:57:53","2015-07-25 21:57:53","Exchange 2016","""Exchange 2016"" | Exchange"
"39","post","/2015/08/15/39/","","unassigned","","SmtpClient を使って PowerShell でてきとうなメールを送信する","2015-08-15 13:41:34","2015-08-15 13:41:34","PowerShell","PowerShell | SmtpClient"
"43","post","/2015/08/30/43/","","unassigned","","Get-Mailbox コマンドの結果をパイプラインで受け取って予定表フォルダーのアクセス権を設定する","2015-08-30 13:16:34","2021-04-13 10:03:47","Exchange Online | Exchange サーバー全般 | PowerShell","Exchange | アクセス権 | 予定表"
"55","post","/2015/10/11/55/","","unassigned","",".NET Framework で電子署名付きのメールを送信する","2015-10-11 17:24:12","2015-10-11 17:24:12",".NET Framework",".NET Framework | SmtpClient"
"67","post","/2015/11/14/67/","","unassigned","","PowerShell でハッシュ テーブルを CSV にエクスポートする","2015-11-14 23:11:10","2015-11-14 23:11:10","Exchange サーバー全般 | PowerShell","PowerShell"
"73","post","/2015/12/29/73/","","unassigned","","EwsAllowList / EwsBlockList の挙動","2015-12-29 21:55:02","2015-12-29 21:55:02","EWS | Exchange Online | Exchange サーバー全般","EWS | Exchange | User-Agent"
"111","post","/2015/10/03/111/","","unassigned","","Exchange Serve 2016 リリース","2015-10-03 13:19:52","2015-10-03 13:19:52","Exchange 2016","""Exchange 2016"""
"121","post","/2016/01/22/121/","","unassigned","","Get-MailboxStatistics コマンドの出力にエイリアスを追加する","2016-01-22 23:30:17","2016-01-22 23:30:17","Exchange Online | Exchange サーバー全般 | PowerShell","Exchange | Exchange Online | PowerShell"
"211","post","/2016/01/27/211/","","unassigned","","Exchange サーバーのビルド番号を取得するスクリプト","2016-01-27 23:08:11","2016-01-27 23:08:11","Exchange サーバー全般 | PowerShell","Exchange | PowerShell"
"291","post","/2016/02/04/291/","","unassigned","","DAG 構成の特定のメールボックス サーバーでホストされているメールボックスを正確に取得する","2016-02-04 00:41:18","2016-02-04 00:41:18","Exchange サーバー全般 | PowerShell","Exchange | Get-Mailbox"
"331","post","/2016/02/27/331/","","unassigned","","Exchange Online の EWS に OAuth を使用して接続する","2016-02-27 20:20:59","2020-11-25 21:48:10","EWS | Exchange Online","ADAL | EWS | Exchange Online | OAuth"
"1289","page","/contact/","","unassigned","","Contact","2018-05-04 18:02:49","2018-05-04 18:02:49","",""
"1579","page","/tutorials/","","unassigned","","試し方シリーズ","2020-10-21 01:19:37","2021-01-13 21:59:39","",""
"1862","page","/contactform/","","unassigned","","お問い合わせ","2024-05-28 14:58:42","2024-05-28 14:58:43","",""
"591","post","/2016/04/03/591/","","unassigned","","Office 365 API 入門 - Web アプリケーション編","2016-04-03 20:08:10","2016-04-03 20:08:10","Office 365 | Outlook REST API","Exchange Online | Office 365 | Outlook REST API"
"641","post","/2016/05/01/641/","","unassigned","","Outlook.com と Exchange Online の統合","2016-05-01 05:06:17","2016-05-01 05:06:17","Exchange Online | Office 365 | Outlook.com","Exchange Online | Outlook.com"
"671","post","/2016/05/25/671/","","unassigned","","EWS でメッセージ クラスを変更する","2016-05-25 00:05:46","2016-05-25 00:05:46","EWS | Exchange サーバー全般","EWS | Exchange"
"711","post","/2016/06/03/711/","","unassigned","","Microsoft Graph で Exchange Online のメールボックスを作成する","2016-06-03 15:58:25","2020-03-31 20:32:21","Exchange Online | Microsoft Graph | Office 365","Microsoft Graph | Office 365"
"771","post","/2016/07/16/771/","","unassigned","","インプレース保持の反映時間","2016-07-16 21:22:32","2016-07-16 21:22:32","Exchange サーバー全般","Exchange"
"851","post","/2016/08/05/851/","","unassigned","","Outlook や OWA の予定表のショートカットを EWS で取得する","2016-08-05 21:22:56","2016-08-05 21:22:56","EWS | Exchange サーバー全般","EWS"
"901","post","/2016/09/04/901/","","unassigned","","Exchange サーバーのバージョン番号と製品名を相互変換する","2016-09-04 00:24:24","2016-09-04 00:24:24","Exchange サーバー全般 | PowerShell","Exchange | PowerShell"
"961","post","/2016/11/27/961/","","unassigned","","PowerShell のプロンプトを変更する","2016-11-27 11:53:37","2016-11-27 11:53:37","PowerShell","PowerShell"
"1011","post","/2017/01/20/1011/","","unassigned","","GetRoomLists / GetRooms の制限","2017-01-20 18:42:14","2017-01-20 18:42:14","EWS | Exchange サーバー全般","EWS"
"1091","post","/2017/04/01/1091/","","unassigned","","Exchange 管理シェルとリモート PowerShell のデータ型の違い","2017-04-01 17:44:15","2017-04-01 17:44:15","Exchange サーバー全般 | PowerShell","Exchange | PowerShell"
"1181","post","/2017/06/15/1181/","","unassigned","","多要素認証を使用した Exchange Online PowerShell の裏側","2017-06-15 20:59:14","2017-06-15 20:59:14","Exchange Online | PowerShell","Exchange Online | PowerShell"
"1282","post","/2018/04/30/1282/","","unassigned","","Remote PowerShell コマンドの既定の出力内容","2018-04-30 02:35:44","2018-08-01 14:15:57","Exchange Online | PowerShell","Exchange Online | PowerShell"
"1296","post","/2018/05/05/1296/","","unassigned","","代理人の設定や非公開の予定を表示する権限を PowerShell で確認する方法","2018-05-05 16:02:22","2018-05-05 16:02:22","Exchange Online | PowerShell","Exchange Online | PowerShell | 予定表 | 非公開の予定"
"1306","post","/2018/05/10/1306/","","unassigned","","Export-TransportRuleCollection コマンドの中身を見る","2018-05-10 23:34:35","2018-05-10 23:34:35","Exchange サーバー全般 | PowerShell","Exchange | PowerShell"
"1309","post","/2018/05/14/1309/","","unassigned","","Format-List コマンドの結果をプロパティの名前でならべかえる","2018-05-14 21:48:34","2018-05-14 21:48:34","Exchange サーバー全般 | PowerShell","PowerShell"
"1340","post","/2018/06/24/1340/","","unassigned","","Office 365 で利用可能なメッセージング関連 API について","2018-06-24 16:23:32","2018-06-24 16:23:32","EWS | Exchange Online | Microsoft Graph | Outlook REST API","EWS | Exchange Online | Microsoft Graph | OAuth | Office 365 | Outlook REST API"
"1350","post","/2018/12/23/1350/","","unassigned","","Exchange Online の PowerShell で警告出力を取得する方法","2018-12-23 03:35:37","2024-02-06 00:10:19","Exchange Online | PowerShell","Exchange Online | PowerShell"
"1360","post","/2019/03/22/1360/","","unassigned","","Outlook Web アドインをVisual Studioでデバッグする方法","2019-03-22 15:58:45","2019-03-22 15:58:48","Web Add-ins","JavaScript API for Office | Outlook | Wed Add-ins"
"1365","post","/2019/05/28/1365/","","unassigned","","Office 365 Reporting web service の MessageTraceDetail をローカライズする","2019-05-28 19:26:08","2019-05-28 19:26:10","Exchange Online | Office 365 | PowerShell","Exchange Online | MessageTrace | MessageTraceDetail | Office 365 | Office 365 Reporting web service | PowerShell"
"1369","post","/2019/07/16/1369/","","unassigned","","Microsoft Graph の試し方","2019-07-16 19:45:52","2023-08-03 21:51:10","Microsoft Graph","Microsoft Graph"
"1372","post","/2019/07/16/1372/","","unassigned","","Outlook REST API の試し方","2019-07-16 21:22:30","2020-11-18 23:25:13","Exchange Online | Outlook REST API","Outlook REST API"
"1378","post","/2019/07/17/1378/","","unassigned","","Exchange Web Service (EWS) の試し方","2019-07-17 20:00:54","2020-11-18 21:21:32","EWS | Exchange Online","EWS | EWSEditor"
"1380","post","/2019/07/19/1380/","","unassigned","","Office 365 Reporting Web サービスの試し方","2019-07-19 19:18:36","2022-09-05 16:14:37","Exchange Online | Office 365 Reporting Web Service | PowerShell","Office 365 | Office 365 Reporting web service | PowerShell"
"1383","post","/2019/07/19/1383/","","unassigned","","Office 365 Management Activity API の試し方","2019-07-19 19:53:08","2022-05-13 11:28:28","Office 365 | Office 365 Management Activity API","Office 365 | Office 365 Management Activity API"
"1394","post","/2019/07/28/1394/","","unassigned","","Office 365 の監査ログを全部取得したい？","2019-07-28 19:05:12","2023-11-06 12:34:29","Office 365 | Office 365 Management Activity API","Microsoft 365 | Office 365 | Office 365 Management Activity API | Search-UnifiedAuditLog"
"1405","post","/2019/08/15/1405/","","unassigned","","Exchange Online の全ユーザーのメールボックスを取得する","2019-08-15 20:33:53","2020-10-20 16:28:10","Exchange Online | Office 365 | PowerShell","Exchange Online | Office 365 | PowerShell"
"1418","post","/2019/08/25/1418/","","unassigned","","Microsoft Graph の getSchedule","2019-08-25 00:49:17","2019-11-14 20:40:31","Exchange Online | Microsoft Graph","Exchange Online | Microsoft Graph"
"1423","post","/2019/11/13/1423/","","unassigned","","Microsoft Graph で MAPI プロパティを取得する","2019-11-13 21:58:08","2019-11-13 21:59:04","Microsoft Graph","Microsoft Graph | singleValueExtendedProperties | 拡張プロパティ"
"1430","post","/2019/11/14/1430/","","unassigned","","RobustCloudCommand Module の紹介","2019-11-14 20:39:07","2022-04-01 14:18:03","Exchange Online | PowerShell","Exchange Online | MFA | PowerShell"
"1448","post","/2019/12/22/1448/","","unassigned","","Microsoft Graph Toolkit の試し方","2019-12-22 01:29:18","2019-12-22 01:29:20","Microsoft Graph","Microsoft Graph | Microsoft Graph Toolkit"
"1473","post","/2019/12/31/1473/","","unassigned","","Windows PowerShell で MSAL を使って EWS 用のアクセス トークンを取得する","2019-12-31 04:26:05","2021-07-02 15:29:02","EWS | PowerShell","EWS | Exchange Online | MSAL | PowerShell"
"1490","post","/2020/02/03/1490/","","unassigned","","Microsoft Graph PowerShell SDK Preview","2020-02-03 20:42:19","2020-10-21 00:47:32","Microsoft Graph | PowerShell","Microsoft Graph | PowerShell"
"1509","post","/2020/05/06/1509/","","unassigned","","OAuth を使って Exchange Online に IMAP で接続する","2020-05-06 14:59:05","2023-07-14 16:24:57","Exchange Online","Exchange Online | IMAP | MSAL | OAuth"
"1514","post","/2020/05/06/1514/","","unassigned","","OAuth を使って Exchange Online に SMTP で接続する","2020-05-06 16:15:47","2023-07-14 14:10:32","Exchange Online","Exchange Online | MSAL | OAuth | SMTP"
"1519","post","/2020/05/29/1519/","","unassigned","","OAuth を使って Exchange Online に POP で接続する","2020-05-29 15:50:08","2023-07-14 15:05:08","Exchange Online","Exchange Online | MSAL | OAuth | POP"
"1524","post","/2020/07/28/1524/","","unassigned","","Microsoft Graph で会議の別の時間を提案する","2020-07-28 00:48:51","2020-07-28 00:48:54","Microsoft Graph","Exchange Online | Microsoft Graph"
"1551","post","/2020/09/27/1551/","","unassigned","","Exchange Online への PowerShell 接続を非対話的に行う方法","2020-09-27 03:01:06","2022-12-06 17:47:05","Exchange Online | PowerShell","Exchange Online | PowerShell"
"1559","post","/2020/10/05/1559/","","unassigned","","Microsoft Graph Event Resource の transactionId プロパティ","2020-10-05 22:36:06","2020-10-05 22:36:09","Microsoft Graph","Microsoft Graph"
"1570","post","/2020/10/21/1570/","","unassigned","","Microsoft Graph PowerShell SDK の試し方","2020-10-21 00:44:01","2022-08-12 18:16:01","Microsoft Graph","Microsoft Graph | PowerShell"
"1600","post","/2020/11/25/1600/","","unassigned","","Azure ポータルの [アプリの登録] で [サポートされるレガシ API] から Exchange を選択できない","2020-11-25 23:21:47","2021-02-17 01:05:39","EWS | Exchange Online | Outlook REST API | PowerShell","EWS | Exchange Online | Exchange Online PowerShell V2 Module | Outlook REST API | PowerShell"
"1610","post","/2021/01/13/1610/","","unassigned","","Microsoft Graph reports API の試し方","2021-01-13 21:57:01","2022-05-13 11:39:32","Microsoft Graph","Microsoft 365 | Microsoft Graph | Office 365 | Office365APIEditor | Reports"
"1619","post","/2021/01/13/1619/","","unassigned","","Power Automate で Microsoft Graph reports API を利用する","2021-01-13 23:25:56","2021-01-13 23:25:59","Microsoft Graph","Microsoft 365 | Microsoft Graph | Office 365 | Power Automate | Reports"
"1635","post","/2021/01/19/1635/","","unassigned","","C# で Exchange Online Remote PowerShell V2 Module を使用して Exchange Online へ接続する (.NET Framework 4.7.2 編)","2021-01-19 00:14:01","2021-06-12 00:57:37","Exchange Online","Exchange Online | Exchange Online PowerShell V2 Module | PowerShell"
"1657","post","/2021/05/11/1657/","","unassigned","","PR_ENTRYID を Microsoft Graph の REST ID に変換する","2021-05-11 22:03:20","2021-05-11 22:03:23","Microsoft Graph","Microsoft Graph | PowerShell"
"1663","post","/2021/06/12/1663/","","unassigned","","C# で Exchange Online Remote PowerShell V2 Module を使用して Exchange Online へ接続する (.NET Core 3.1 編)","2021-06-12 00:32:36","2021-06-12 00:55:30","Exchange Online | PowerShell",".NET Core 3.1 | Exchange Online | Exchange Online PowerShell V2 Module | PowerShell"
"1666","post","/2021/06/12/1666/","","unassigned","","C# で Exchange Online Remote PowerShell V2 Module を使用して Exchange Online へ接続する (.NET 5.0 編)","2021-06-12 00:53:50","2021-06-12 00:53:53","Exchange Online | PowerShell",".NET 5.0 | Exchange Online | Exchange Online PowerShell V2 Module | PowerShell"
"1682","post","/2021/08/30/1682/","","unassigned","","Microsoft Graph PowerShell SDK を使用した Microsoft 365 のライセンス管理の方法","2021-08-30 00:44:57","2022-05-13 23:49:51","Microsoft Graph","Microsoft 365 | Microsoft Graph | Microsoft Graph PowerShell SDK"
"1697","post","/2021/09/29/1697/","","unassigned","","Microsoft Graph PowerShell SDK を使用して Exchange Online から予定を取得する","2021-09-29 23:28:17","2021-10-26 11:11:58","Microsoft Graph","Exchange Online | Microsoft Graph | Microsoft Graph PowerShell SDK | PowerShell"
"1721","post","/2022/02/22/1721/","","unassigned","","Microsoft Graph PowerShell SDK の特定のモジュールのみを利用する","2022-02-22 17:24:56","2022-02-22 17:24:59","Microsoft Graph","Microsoft Graph | Microsoft Graph PowerShell SDK | PowerShell"
"1738","post","/2022/05/07/1738/","","unassigned","","Microsoft Graph で @メンション付きのメールを送信する","2022-05-07 00:29:55","2022-05-07 00:29:58","Microsoft Graph","Exchange Online | Microsoft Graph"
"1751","post","/2022/05/14/1751/","","unassigned","","Microsoft Graph PowerShell SDK を使用して Exchange Online からメールを送信する","2022-05-14 00:10:13","2022-05-14 00:10:16","Microsoft Graph","Exchange Online | Microsoft Graph | PowerShell"
"1780","post","/2023/07/14/1780/","","unassigned","","Client Credential Flow を使って Exchange Online に SMTP で接続する","2023-07-14 13:32:07","2023-07-14 13:32:10","Exchange Online","Exchange Online | MSAL | OAuth | SMTP"
"1790","post","/2023/07/14/1790/","","unassigned","","Client Credential Flow を使って Exchange Online に POP で接続する","2023-07-14 14:58:02","2023-07-14 16:22:26","Exchange Online","Exchange Online | MSAL | OAuth | POP"
"1801","post","/2023/07/14/1801/","","unassigned","","Client Credential Flow を使って Exchange Online に IMAP で接続する","2023-07-14 16:23:21","2023-07-14 16:23:23","Exchange Online","Exchange Online | IMAP | MSAL | OAuth"
"1819","post","/2023/08/03/1819/","","unassigned","","Role Based Access Control for Applications を使用してアプリが接続可能なメールボックスを制御する","2023-08-03 23:25:42","2023-08-03 23:25:45","Exchange Online | Microsoft Graph","Exchange Online | Microsoft Graph | RBAC"
"1839","post","/2023/11/16/1839/","","unassigned","","テナントに登録されている EWS アプリを探す","2023-11-16 00:51:50","2023-11-16 00:51:55","EWS | Exchange Online","EWS | Exchange Online"
"1854","post","/2024/03/15/1854/","/ja/create-draft-meeting-with-microsoft-graph/","ja","create-draft-meeting-with-microsoft-graph","Microsoft Graph で下書き状態の会議を作成する","2024-03-15 18:23:21","2024-03-15 18:23:25","Exchange Online | Microsoft Graph","Exchange Online | Microsoft Graph"
"1867","post","/2024/08/29/1867/","/ja/microsoft-graph-email-attachments/","ja","microsoft-graph-email-attachments","Microsoft Graph とメールのいろいろな添付","2024-08-29 23:28:02","2024-08-29 23:28:04","Exchange Online | Microsoft Graph","Exchange Online | Microsoft Graph"
"1872","post","/2024/10/07/1872/","","unassigned","","Microsoft 365 でユーザーによるプロフィール写真の変更を禁止する","2024-10-07 23:29:22","2024-10-07 23:29:25","Microsoft Graph | Office 365","Microsoft Graph | Office 365"
"1878","post","/2024/12/02/1878/","","unassigned","","C# で Exchange Management Tools のスナップインを使用して Exchange Server 2019 へ接続する","2024-12-02 14:31:03","2024-12-02 14:31:05","Exchange 2019","Exchange 2019 | Exchange Server | PowerShell | RecipientManagement"
